{
    "mse": 1242907.2533111228,
    "rmse": 1114.8575035900878
}