{
    "mse": 1244954.1758631116,
    "rmse": 1115.7751457453744
}