{
    "mse": 1231040.7851220234,
    "rmse": 1109.5227735932342
}