{
    "mse": 1240861.3715080144,
    "rmse": 1113.9395726465661
}